,Participant,ENSG00000124813.20,ENSG00000159216.18,ENSG00000001167.14
0,pt-mv6fmz83,1075.02400542169,2893.88146160786,1364.03043835174
1,pt-pb67ypn9,838.018093591571,2882.49489372522,1498.56694693853
2,pt-ekjjfcr8,1414.76550358562,1945.88732886158,1517.04453151635
3,pt-yky3kj4e,862.06470173066,2370.26498605067,1302.99060802646
4,pt-bkgw6a6n,881.524802874971,2781.89642770355,1457.65929273114
5,pt-a2d5sks2,659.057076032529,2857.20308407934,1441.23888993342
6,pt-081x47b5,1305.22498939894,2594.00271579912,1745.06854863614
7,pt-0dxdyebh,1267.86093364057,2021.83265607544,1423.71737536618
8,pt-qc3a6b2m,1033.4517420015,1553.67499654492,1431.51615520901
9,pt-bpyxz538,1182.70835958794,2598.80062380491,1659.48383904986
10,pt-5dc3cjhq,919.412662613314,2730.06092910575,1354.10810522397
11,pt-w231qqqt,896.794658986176,2480.32288950061,1209.43370947222
12,pt-3h08s4be,1048.77551981598,2669.62747798578,1468.63644842369
13,pt-wxpyc56x,982.476060088341,2581.05577481508,1402.73688224577
14,pt-912ptny5,945.739989091464,2284.84339383332,1405.63490263834
15,pt-575ecd2w,897.89868163042,3559.65750963946,1432.42642467026
16,pt-7qpx978n,926.077619048223,2375.71028439666,1604.43946917248
17,pt-t9419ezs,720.099115462069,2561.47341661161,1072.33040896291
18,pt-w9wt572f,1134.88102847008,2049.97800814262,848.492442989261
19,pt-49a6zq98,791.783251131389,2283.356838204,964.332895070212
20,pt-d6mf7rks,1421.34895544481,2323.87781672714,1480.00323567962
21,pt-r12sdkjr,1156.77393563382,2341.35524236963,1241.53784111332
22,pt-fykp47ks,917.385536046799,3234.70630910034,1325.97360602645
23,pt-fj5ce0cq,1657.05983033507,2944.16357357644,1803.98264185917
24,pt-q389ce49,908.293452515324,2605.80761019081,1103.56921931203
25,pt-smt5vg02,1281.76893563621,2807.57625211243,1520.82063930768
26,pt-d8841eem,844.541444517281,2274.61094406236,994.579638181949
27,pt-a8xe1tfa,971.257849744139,3474.93942037721,1507.97628409057
28,pt-e6b2yrxf,488.324306439675,3557.79309244073,2123.81199961704
29,pt-qa7k86ag,948.283909415866,3008.64573582253,1269.86468489192
30,pt-48ttsfg6,1167.76096185155,2135.40865547176,1322.90291566971
31,pt-qm4yh8hy,1319.15980307969,2526.19782365416,1862.17122869037
32,pt-8e3p4q14,1254.27959963355,2141.11475751694,1124.52312776563
33,pt-606h2c6p,1019.7060093461,2347.17161827292,1272.21625192428
34,pt-txvmmjq5,947.266100634944,3175.35185009307,1343.4608677233
35,pt-ny6a6fjk,1218.8735612089,2413.07814938006,1945.16158332582
36,pt-p1ta2epw,1087.9123247165,1894.15929899532,1620.78171156518
37,pt-k2hhq40s,1631.32458467636,1995.04958233368,1778.42459493761
38,pt-w3hfgpzf,1220.70271778118,2833.71857065328,1210.55370885353
39,pt-3scpxnmx,1321.76696474996,1454.98674335295,1656.17755626136
40,pt-bp86hsfr,937.951432318053,3767.33729185932,1269.09304832502
41,pt-kv61tctq,821.943095636824,2531.33478747992,1353.47390135341
42,pt-h7nzp8vh,981.34181382058,2481.84063599209,1053.66208633073
43,pt-bca7p41c,638.095341790485,3381.05476195216,1607.42248095962
44,pt-fv43b6qj,1227.72867385351,2562.25715653717,1570.88972276856
45,pt-wx05jqwy,1063.89048606311,2329.41270219373,1366.66025230114
46,pt-vhpvt47k,987.145147623226,3205.25500015825,1298.14809374641
47,pt-0khxwj27,1456.75461938874,2142.58931881963,1358.52716474359
48,pt-xnnzp1pe,1474.40994942047,2012.04638046372,1297.7471637865
49,pt-ctrj3svn,776.03263986375,1997.34567728644,1238.31250699527
50,pt-9wk9hc18,981.405833675929,3236.95749778612,1399.23859782778
51,pt-kfq3ys2p,1065.86162766757,2637.89976208746,1368.46293087359
52,pt-je5wsdak,789.112199481097,2489.66721762403,1186.44956188303
53,pt-qgzbdfr3,1288.6618146313,3023.01319093407,1656.59132993066
54,pt-f0em9ve3,638.222056248484,2829.40111036569,1139.37985006026
55,pt-rcfty64q,1057.69144150457,2053.93925397731,1367.03877919057
56,pt-685e0227,2088.11598123523,3341.22718128542,2113.30738693231
57,pt-6s6z3vw8,752.795120340796,2581.55055218468,1332.65355867918
58,pt-6sfzks4p,821.2701729503,2364.52505164464,1200.92278366124
59,pt-ghdy70ma,1470.13448348791,2904.52995684575,1799.88550676875
60,pt-rxnzn5d2,701.685284851198,2752.87388792148,1714.98965279432
61,pt-57c8w977,1287.61936412586,3324.25732201098,1525.63040408136
62,pt-x9pk1vsj,1083.56469248625,3575.57674291818,1432.37071120495
63,pt-whzqn6dw,385.557490577005,2182.66137417899,1216.99398323945
64,pt-xv3t5f0c,374.945200413546,3064.18073442637,1163.09212911345
65,pt-nr0yj6p0,1048.58209423641,1606.97610199231,1156.70925468877
66,pt-d6r3a0xj,1058.68308818672,2173.99742455164,1374.27115890539
67,pt-kcqj8vt9,1311.14935390852,2392.68402247561,1137.63914328935
68,pt-t4wry43s,1084.80077282928,2109.59537061138,1341.4776828725
69,pt-qmtqd2sg,1147.14746025926,1837.82136336252,1212.28825248636
70,pt-45agh02s,1091.77315455972,2304.9871744364,1284.04543063228
71,pt-gygvjshk,1064.06111315082,2408.37958845303,1408.33167480456
72,pt-08qxc61x,918.429814568972,2466.56754212282,1231.54367744688
73,pt-cs9v0mfs,626.09889036421,3718.78983897297,1469.98445135127
74,pt-bn2srbff,657.53100436885,2490.48367250315,1526.34017398032
75,pt-evsehtw3,723.128317250894,2632.20583339263,1478.16089713476
76,pt-mr8sr4k1,1235.68968850592,3260.76602955331,1554.79348385814
77,pt-btyqwpfp,1038.1389986663,2419.98550209607,1378.13513017395
78,pt-dp8gpg6w,883.583581787253,3125.69203296852,1417.23438726332
79,pt-gpagdcyp,956.340165737299,2241.85162964601,1024.53609815887
80,pt-b9f5pywx,948.807735188797,2632.98579178211,1407.65030055601
81,pt-z8v7r81t,1219.52872139715,2469.68923466567,1135.22790071513
82,pt-s3evgjbn,1562.39410955897,2050.70417151585,1715.30825157558
83,pt-2hsxt4fb,1143.53279211646,1826.12213422141,1277.41110046061
84,pt-re3r388b,1138.3408897166,2306.37584288762,1487.19554806131
85,pt-d7zrcr69,1123.47322229183,2285.59151563971,1563.66518870877
86,pt-ge0ep8ah,713.517960487469,1345.29090767828,1096.43437315707
87,pt-dg429kec,909.859267847979,2271.40040062619,1028.74125142305
88,pt-8rrdnvct,1123.53471691002,2209.19250042265,1536.46066720678
89,pt-vvecsz13,1240.42045995881,2616.46043391209,1451.05904961335
90,pt-z982vyz0,1115.32977727231,3114.8460071859,1459.99763001281
91,pt-0m33rnp4,809.417777270406,1985.68343032277,1193.07794526208
92,pt-3dgj747m,735.43722505799,2098.50268748321,1061.98741317112
93,pt-6kd8d0bm,1220.4880763356,2848.5428868016,1561.05822711679
94,pt-vvn9mbwb,993.723491615414,2529.46944266167,1365.04103569875
95,pt-m8svphee,1066.71238367008,2786.62825342857,1452.89724023488
96,pt-4sxmya0j,1158.40768496652,2650.02817306606,1359.62210529692
97,pt-9w44bfb4,1910.0562963277,2031.66387499249,1545.5452100986
98,pt-g2bdsbe0,876.156522811282,1966.8520461735,1242.3706917401
99,pt-qfj14x1w,662.138738037582,2465.9666198905,1261.89430565819
100,pt-przw595w,896.995290252099,2007.94349161558,1308.17522123696
101,pt-zx7vfz9z,786.358420823494,2643.42057481747,1508.53244428796
102,pt-t18r5gfc,1273.84221188957,2181.77997357859,1538.86368758531
103,pt-1h5y5m08,1121.00586757133,2604.58055330486,1334.0848263511
104,pt-sd3pqt6s,1315.55429952763,3583.14299508624,1520.05992338216
105,pt-tnz92fmp,1066.10249991959,2539.79749759916,1743.54873513977
106,pt-x9vedb7t,1454.9673239905,3098.42636878337,1599.63238497071
107,pt-1njnnkmr,915.768405193379,2684.73991218603,1324.89314106052
108,pt-hzs4c0x8,1026.44888397146,3440.75013715974,1678.04763458928
109,pt-1efvnrc7,1048.76930600378,2163.57014567629,1318.33783729282
110,pt-3hngj90m,1198.77963588728,2143.3155673381,1428.00404717848
111,pt-8a32zr4n,1143.61498888354,2564.97347774971,1766.32730805346
112,pt-fedph1kg,1062.29064377641,1916.52636135704,1224.35607366305
113,pt-b705292q,1862.83683846356,2621.75489936016,1705.66479777722
114,pt-sdsygv5y,798.136762001151,2654.52100294229,1360.68707881076
115,pt-re51zr33,745.862843773972,1879.25378840779,1166.00068554122
116,pt-b4mewnp3,746.517939936512,3822.68234014431,1399.97575853415
117,pt-gs3q1bze,530.941931473692,2809.72826095364,1089.99787059195
118,pt-n4fdk2fh,849.363547614707,3412.08395166348,1286.06229989045
119,pt-8zjj7zn0,1273.63805468753,2216.95786337572,1331.4560505368
120,pt-sf1ter4a,818.923174614254,2963.06194724511,1560.18351314159
121,pt-s1cd3sew,716.888510787061,2462.03414212193,1157.15078414445
122,pt-q65j8bxb,844.723943997318,2390.00492265358,1167.75570461489
123,pt-y3j8pbe9,1608.33473863584,2380.59643945751,1424.93343366042
124,pt-xpmfwsjv,1520.32565645447,2702.74819346821,1402.40753227546
125,pt-5k454rz9,789.897028357475,2689.59058750861,1205.99303617823
126,pt-qbbjyjgs,1297.83099074368,2279.18203111726,1242.86012829605
127,pt-60c60s9a,967.600652914296,4134.43768461978,1690.22524717301
128,pt-0fw3p877,915.519643905418,2445.58326409966,1290.65831493744
129,pt-6cv1eks9,1261.061600786,2717.06385204211,1562.59230786091
130,pt-12zq480k,938.881343519073,3170.00562236401,1385.20075068607
131,pt-fme7s88t,856.785799833613,1786.32841834446,1106.50852993788
132,pt-1mfkzaje,1035.16706006768,2548.75666122128,1274.3793248809
133,pt-7vt17pkm,1315.86258070785,2404.41643143749,1659.05925876015
134,pt-9vaxsgh8,924.562664336435,3453.04563304678,1573.75055370254
135,pt-3256j3j1,921.059830694748,2357.03362480226,1432.08237152026
136,pt-8769j9ys,930.884845014478,2420.98655608837,1153.89047772296
137,pt-1yr5xy41,1377.37649996664,3476.68832714089,1441.24953103812
138,pt-hq4z60ed,1472.94827075081,2947.41879292385,1938.38971212634
139,pt-gd8g09mf,1116.60927951097,2644.12347664279,1434.75135387223
140,pt-5rp15cqz,751.49502465332,3281.57820469128,1651.18802448849
141,pt-0ev9q7hz,957.464050334322,2182.83900283864,1533.98887941555
142,pt-6d3gdkvn,1268.44276820192,2052.63348795519,1685.61104117809
143,pt-j20cb6g0,1204.63376783611,1867.03917474709,1375.00681554881
144,pt-npct8bbb,971.210129300045,2677.54936126932,1275.44326292313
145,pt-ge3gpp7z,1149.18313681328,2081.85112672815,1396.77104594286
146,pt-vjwmqwzx,785.501704610726,3578.56654790355,1180.87021087811
147,pt-6q5agx2w,1066.95929140117,2750.02333758625,1751.5976975171
148,pt-fg1bsw2g,917.486436530477,2461.32800578162,1419.16142817382
149,pt-838ny1es,1312.81029677481,1982.62182716953,1287.15960871174
150,pt-exgtadsw,825.523628803699,3264.46348531097,1665.57104836042
151,pt-0e3fehnr,1196.03419695333,2571.19952457654,1492.276209627
152,pt-40y6zwph,743.006812875836,3182.08489879232,1480.08990056446
153,pt-9zecp595,856.029049042125,2399.9010403489,1307.04888935609
154,pt-br0vz29g,1007.47090195532,2730.57433898698,1571.3797162618
155,pt-e9b7tc32,981.176579158562,3282.78789221704,1526.76230866363
156,pt-94y3k3jg,725.787416001726,2588.05609856023,1329.92667257514
157,pt-5e9e1f4c,1298.29250667164,2391.86350969001,1586.73798100931
158,pt-qsyx9sd0,1056.79595852833,3569.89854177158,1255.20038435551
159,pt-7e64scr4,1097.26910616322,3665.23990919396,1342.49292746895
160,pt-8by3qswj,962.713428339612,2979.38954125803,1558.61476048294
161,pt-r6e3w9rn,923.575497219927,4223.92559317396,1658.84846753989
162,pt-cxphb81m,1341.79556927473,2130.54886977987,1442.49980691181
163,pt-5110c4zk,882.628039695834,2657.13827629502,949.875060606016
164,pt-jk0xxnke,862.363865756616,3090.88698187545,1446.21339084227
165,pt-4679j6nn,903.070565548613,2078.43175025495,1392.38821128784
166,pt-ebgq1mvn,1307.83743946112,1845.29402599118,1428.49013226823
167,pt-pxkhhhv1,909.171073278909,2900.68926057532,1401.73587833873
168,pt-f7n3742y,832.429979952684,2026.67632100676,1096.38588577006
169,pt-nc77wref,1046.3503638977,1428.16255183775,1177.58169561318
170,pt-nvqgrggn,1015.40663494544,2733.66537658105,1561.1636581771
171,pt-54km9zqj,846.717122923256,2122.32450421693,916.615937632118
172,pt-w18gxe9j,1080.11613812501,3776.74854165197,1840.31113414025
173,pt-hzjr2k3h,915.87593774249,2054.235330093,1224.81090057804
174,pt-db18hfw6,717.745664639238,2665.86954198686,1306.33221500874
175,pt-gd7pd67k,821.980161911487,2950.21709396124,1547.18779196048
176,pt-17eas3jx,1106.56448842246,1935.23482422928,1165.300453492
177,pt-h8yqnxba,1127.56905280143,2930.08122448555,1462.47496911415
178,pt-gkcp552b,830.681183464541,2688.29568204588,1389.92007385114
179,pt-r2mesfay,861.779413550306,3444.24157832959,1929.21450698578
180,pt-55geegjs,643.107880636041,3035.09895917568,1096.75440948539
181,pt-rra9nkcy,951.972596898571,2628.56091203393,1467.27137389416
182,pt-pzr54vhn,985.41022864867,4312.7662708127,1971.27616320851
183,pt-f9hdfn4t,767.1467995543,3761.94373693904,1545.47286484496
184,pt-aptw83cq,640.583763037212,2318.90197050998,1400.0667017936
185,pt-qa27nfde,1213.14289139435,2409.18337840262,1591.04686083129
186,pt-3vtypyt8,914.315538501573,2578.743049782,1355.49964410097
187,pt-jn6680z5,677.531868692481,3181.32622746854,1395.72234376713
188,pt-5vh36aw2,792.408041171041,2278.51966061913,1206.63859386656
189,pt-8k8tsk5v,900.393875898328,2991.07622045965,1660.58717969326
190,pt-sf259p3w,1210.19870824744,2952.30039397903,1477.10422421149
191,pt-w23z2qtm,1009.75895819172,2571.87343962098,1297.50636583351
192,pt-ckjd4kfz,1288.4372423704,2531.64978156755,1307.87275984572
193,pt-049kaxj5,846.129377356906,3007.40931407657,1290.04713384356
194,pt-cwy8twzs,838.022499250705,3301.00274444646,1449.96869942863
195,pt-0s87ez0c,1368.00665510786,2509.20533621073,1665.10392365139
196,pt-x5cydpe3,1012.45393042002,2707.29825819034,1325.26568707101
197,pt-1wm3svc9,1098.70502561057,2705.82073037175,1574.53783770056
198,pt-qgy9hzfs,710.735401030895,2567.99186523253,1265.7017085171
199,pt-e371bre1,761.75917696455,2016.13181718432,1123.04055071832
200,pt-w9njgfhs,1344.96954129947,1886.8194594236,1277.10477463262
201,pt-yhgx0gjw,738.578787831578,2686.72760519917,1358.5963756676
202,pt-mawfy0bt,1023.265796921,2510.42265560097,1408.88857664146
203,pt-3b0vt50c,737.506256683657,3068.79765456057,1474.44206740199
204,pt-f6t0njwa,1288.31638957063,2354.94360011509,1529.21256301492
205,pt-845xkz62,1049.03169263711,3148.16308653923,1481.11826304421
206,pt-3py7sfgg,1563.42301243529,2476.95863496806,1537.97516012678
207,pt-69wr78gp,1304.28752072778,2355.34472082813,1417.6486048239
208,pt-9a3p90jf,967.572542652889,3064.50583239572,1274.13054916314
209,pt-3yb70s2m,1119.02227094858,2064.8059162291,1590.02256443352
210,pt-b4dvjhre,838.041753437775,2819.46328410661,1204.5513217934
211,pt-2kv620a8,837.457595171897,1861.36379016504,1068.6562268732
212,pt-bv50zct9,1604.21051951142,1963.37890425167,1528.94674321433
213,pt-jnqt6aww,1099.90109628202,2757.17912637872,1555.07036208744
214,pt-d7q0gmkt,928.608257772891,2500.62285384007,1319.63121155505
215,pt-w6q8kdrn,1666.29270433862,2230.66049131002,1563.37270211722
216,pt-ga86wyec,1312.34736805126,2331.62435224959,1605.28237269571
217,pt-dmtan35a,1196.4565538487,2590.92428382537,1368.23841240001
218,pt-kjv6ybeq,1111.43734105867,2179.83984701664,1500.3626414857
219,pt-n9ns7923,1468.07949859101,3138.1203403821,1876.52110210017
220,pt-01qcpze4,949.113864267486,2549.96379409197,1356.86920467529
221,pt-y7n920es,1562.78495781363,2522.57631324681,1636.20679863515
222,pt-bs67vr8k,844.789261382644,2447.44858524838,1709.54830149711
223,pt-x5hfn88w,1112.2069588466,2911.70469178721,1439.29099050853
224,pt-cd09myzr,1010.14726719839,2704.84636965739,1934.8561844741
225,pt-vfzrk7j8,813.219728359253,3650.30679326222,1327.11311287526
226,pt-6j64j0v5,758.046069897539,2530.43203810545,1309.18658373859
227,pt-q8sr89ta,1501.96469899358,2682.28411945231,1658.33963656515
228,pt-xamek536,726.758569419149,2104.23218210875,1612.11178843085
229,pt-6y2d3bqw,875.815450465581,2341.02565871388,1339.73224784626
230,pt-xfpgrz0w,663.993889060114,2716.56781821918,1379.61402210913
231,pt-x2se3k91,907.00033046826,3326.22718823667,1191.16220117826
232,pt-6rj3e5an,1552.06814475565,3109.33663440687,1656.28797747425
233,pt-hcm9qqcd,844.075618564107,2519.91822484189,1496.71917530326
234,pt-nqfjja9f,1488.34054854864,1946.38900861316,2098.79316921516
235,pt-j2k6dfch,1023.20652517901,2667.92258009308,1208.69533785441
236,pt-rrd3xwxr,703.465528188927,2538.71271032919,1158.90891416069
237,pt-3ps3k7dr,942.493310494765,2918.45100310777,1373.138319196
238,pt-bkbcxxyp,624.466261643253,1668.26118280966,908.227882333621
239,pt-zxqf7a0e,1327.40651757181,1496.06239595654,882.723443360223
240,pt-za2fve7f,1396.59578918665,3547.61613867381,1476.14808076406
241,pt-1acnnv17,870.526747672169,3088.77796602709,1075.22063210985
242,pt-01a07wj1,1052.46869394809,1976.0728606697,1235.38628458827
243,pt-47hy69dt,1294.83869105421,2509.3976708346,1737.21878367862
244,pt-vq7hv7t0,994.642706911336,2806.44544183806,1353.72726031028
245,pt-qj0k8bra,714.409142449206,2564.25533441973,1417.19643724192
246,pt-wm3r4ndz,1183.7024073947,1969.18142604203,1549.88910879314
247,pt-ft5syv5p,515.211319379133,2799.23368266911,1758.85284789448
248,pt-vv4dnay3,1064.986761276,2644.33765443613,1737.12566540802
249,pt-jjsnxy1j,1185.99609981394,3889.21610807883,1514.25244134063
250,pt-jv0rgg7v,899.446147136382,1972.74882360219,1219.3554774018
251,pt-txg8hs2v,1037.71571215398,2451.1716763469,1078.46347386672
252,pt-eypvbw5h,598.026354644813,2703.51198665717,1304.59026593219
253,pt-9sbpqsyy,843.883734977842,2593.14848674904,1588.53638900162
254,pt-44fyjrhw,941.629896024535,2224.54499802454,1226.25306046658
255,pt-gv2denmh,1220.04575312967,3515.07954733826,1427.24902037438
256,pt-77tsnzyj,646.470572682808,2249.91304017464,1365.52059706171
257,pt-gnbd941r,570.852110985991,2554.32620249496,1300.68694164279
258,pt-hys97e5c,1377.43320914336,2284.88792838121,1845.14144169171
259,pt-d87kkd65,1097.35602368975,2436.13608677077,1339.25430312259
260,pt-9ysy97ah,1153.22963229139,1859.71650622812,1113.8995402324
261,pt-7vsrkyby,935.553943908939,2864.56495908485,1418.36883153114
262,pt-t8smqgn0,818.659489751168,2286.14911048892,1231.88385746421
263,pt-w14gpp0e,771.976022274121,2758.70069202251,1399.89147032982
264,pt-wz06926g,1372.05917380196,2472.35030825388,1411.36690419236
265,pt-jpjd9v3s,927.145787385675,3816.63504618242,1509.26723897158
266,pt-fcv54s1k,891.321201085634,3032.55733537785,1348.329899326
267,pt-jktr4e74,1334.05399511053,3543.71262845178,1429.71584991611
268,pt-t8nm40aq,1183.33148244162,2324.81364465343,1473.29231243736
269,pt-2yw8kfyc,729.863046304969,2994.0870669407,1120.26019086994
270,pt-j61hxqst,1019.63413174243,1503.81175330601,1207.201582873
271,pt-8y3j1z2q,1082.12205083649,3150.55172340179,1594.64716879675
272,pt-n9y9fg9q,1083.68419707655,2381.41926989276,941.770075772915
273,pt-8ej88jqp,1040.11988448585,3176.82160916668,1473.95062369081
274,pt-5ej4nm99,539.453181046301,2365.01228605924,1223.34257827592
275,pt-93v9z36c,750.212635511768,3022.56741518906,1685.03071824496
276,pt-mg49v9jc,1380.05065035661,2889.38436036687,1717.83981207361
277,pt-1vkmwt1p,668.952245769905,2236.58580559982,1045.22443155615
278,pt-bz7fsgny,662.408517902551,2363.74919263029,1140.19261723652
279,pt-4bewmhvd,682.651301255702,2029.93156955361,1356.49024163933
280,pt-a5xq4qa6,1092.27275965394,2320.3005019016,1423.85653878809
281,pt-khryc0tz,502.8222750258,3497.76407114821,1372.96639879969
282,pt-m7pgqhqk,1394.26870143858,2135.14678860411,1739.61295495105
283,pt-bnz5fqm8,1002.34171529963,2448.14181031311,1136.14250901264
284,pt-vjwdq263,1268.34019229808,2552.80978259177,1562.93612820898
285,pt-zmqyrma5,934.775559304722,2696.33065738267,1643.40646268492
286,pt-6p1s6vdq,794.79149946855,2356.26747479264,1325.52974263552
287,pt-pq5242gp,1270.82699484271,2428.79636187976,1678.52708572029
288,pt-7s4jnxja,972.261803684141,2769.99734795534,1486.50288614382
289,pt-rypp52np,1007.53948256907,3075.63851210675,1421.27923343508
290,pt-f2nqffap,1362.38902896451,1968.51893099795,1550.0536525403
291,pt-8afhrywg,785.086266124103,2015.35291625794,1332.47410385797
292,pt-p4rnxqzf,781.019208321545,2127.85919342368,1265.33886157034
293,pt-cw432mnt,1516.90886351235,1933.97513568793,1481.69034735894
294,pt-akwnw9jx,1409.36354144667,2399.76363886352,1690.78219661016
295,pt-4t6d9rk4,607.157292167333,2184.20572385145,1110.38235055216
296,pt-pkcdbqwj,1486.34238467746,2497.00283050742,1762.98436013917
297,pt-39c9eqhg,822.379429410435,2448.23720877113,1950.392006498
298,pt-v1w8wh0m,990.575273735907,2614.94935443328,1287.2183918846
299,pt-4z8hnd13,1061.14643799548,3097.03472416869,1441.81181190485
300,pt-83j2gf8r,1079.58187467777,1960.46354794978,1547.52339650199
301,pt-gw5mkwp7,864.162983514433,2346.63629970195,1185.44716434856
302,pt-dgymvk5r,1445.47311696629,2036.21028555029,1481.84873148732
303,pt-tq6ev8bd,926.456314968294,2085.4956081034,1107.28444424141
304,pt-16xr0a47,1059.18825125119,3681.82765290808,1636.8381019417
305,pt-h0v50c5x,1148.24146083248,2703.18962686247,1419.99565199845
306,pt-drqc9se1,887.504302347967,1915.40259787491,1312.58539656513
307,pt-e4ykfxy6,941.189587448423,3028.18251987756,1408.01171563189
308,pt-n9yh8y38,708.614977869236,2289.07263141721,1064.04150845122
309,pt-g1s5w2sc,1453.18202842549,2579.23044615266,1693.67842388179
310,pt-0skv39pr,1082.69180537959,2170.12648792503,1282.17774375682
311,pt-wf6xa5gc,604.70902545811,2796.99024665746,1525.39298826109
312,pt-zghj2akj,1390.01140983854,2120.5391445797,1501.00050434071
313,pt-42g7xrhk,1032.59261298372,1909.98065771851,1402.62816426789
314,pt-rnwqmh9b,1190.90839357953,1970.56707130209,1169.89639416454
315,pt-9tfhpedf,1123.08303477489,2061.31538780914,1306.53620401937
316,pt-5b0py90w,871.210959396537,2576.80355840597,1052.22076741744
317,pt-47bmkzs3,1162.20986801128,2177.79009833329,1514.85742377241
318,pt-nj89gesq,1548.8946325163,2720.48710541553,1765.72418939821
319,pt-h7mz60a4,1077.15896307432,2389.72044173874,1360.00714942895
320,pt-4h9te3nj,558.932182923447,3300.01567306087,1330.20897004389
321,pt-7qt4prx8,1310.71708816243,2599.69810683597,1334.74625214534
322,pt-1gxewbzb,1686.04004912709,2951.56082901167,1757.27744848885
323,pt-as0aepqm,1004.00479871621,2756.10689667239,1249.22932347945
324,pt-e07wt03w,1123.54089573356,3367.66789980397,1502.16954834977
325,pt-rpzygdb0,773.334306660443,1815.91862082672,753.526661399502
326,pt-frtbsa8p,1031.13605385357,2709.530509727,1369.56846976224
327,pt-arersj0y,1095.17183499742,2291.34434438229,1244.41225360423
328,pt-m2854te4,1105.36963100951,2215.83656271216,1459.1226235811
329,pt-wk26abrg,1141.14836772651,2744.12120220948,1605.64331973466
330,pt-tbcgjt4p,676.180398307699,2599.6161888343,1513.42210452825
331,pt-a0qq8a12,895.053234497862,2819.26366184644,1711.47059750402
332,pt-apxgs74n,750.380752706434,2871.22770365354,1544.53941619645
333,pt-wbm6k27v,1068.33874155838,2257.31843565228,1186.61218294523
334,pt-wtzafwpc,860.259089727419,2954.59924878801,1720.00673423934
335,pt-tj0tdjny,1120.01594744038,2848.42710752097,1243.02308430745
336,pt-kqf6ygaw,747.152681214371,2268.20739884502,1047.1438346456
337,pt-1x15dczm,935.058686198979,3618.88214372138,1471.59142478717
338,pt-vzf54y0c,1049.84884631843,2574.06649922041,1079.03033694249
339,pt-qz1kdyb9,1291.04251363877,2290.70414062262,1526.52203394348
340,pt-r26c60bk,945.990168390512,2292.29459425895,1079.86778128303
341,pt-fm1f1q7b,744.676205076815,2483.84069859804,1217.92489101719
342,pt-0tbp75pn,533.004516857438,2541.24093457513,1173.18905583125
343,pt-ant7fm3e,1498.33669976812,2765.83692829968,1593.3453044885
344,pt-xg081q2j,947.580707717213,2576.35397438519,1601.32675118291
345,pt-pkgar0tf,1126.35583819813,2154.02113698614,1642.29434421724
346,pt-82yqp5ks,1139.46679984261,2126.43411703426,1399.69680293464
347,pt-bhz6crvg,1123.31783965208,2882.97036629123,1445.99625804995
348,pt-sxq5e4ts,1576.39012842806,3071.41809868643,1656.59962756113
349,pt-x435g71d,1226.92097929574,2451.73021100578,1602.37445948398
350,pt-spff5e2m,1101.60048121174,2900.07418393266,1882.95254510288
351,pt-525hkjvf,970.130343303121,3348.16445417717,1220.32482283233
352,pt-dyn9k65s,932.776004801642,3244.20515839774,1298.80221012425
353,pt-n0w7wdd5,992.359257719215,2549.61890508256,1476.43240656336
354,pt-ee4gaj31,814.712351010891,2549.79095594511,1170.60704516526
355,pt-kh4d44b5,1237.53813145852,2970.63785433088,1761.86325088869
356,pt-efj7v6aa,706.507633357919,2579.73609778053,1222.43483234435
357,pt-zdchddxn,935.614337507154,2665.35416561075,1451.79019957381
358,pt-rqh1wt8h,858.556787199497,1822.78331906361,1105.00269045725
359,pt-tpdgzwtt,1502.38568573551,2227.96814700034,1449.89772969818
360,pt-get2afyh,868.202205468454,1957.86287998105,2053.83588449647
361,pt-tp3m10ds,941.321910900801,2146.1972348949,1105.5384452297
362,pt-005x8br9,1448.66786987862,2902.53662701103,1696.61282689339
363,pt-bmh527gy,821.662840915528,2135.16709247104,1445.50004327946
364,pt-19zc1ghn,836.342373089628,2886.96382533969,1296.35801989077
365,pt-8r251dmx,970.745057771892,2467.73605587791,1391.52482815521
366,pt-tze2ehjn,1195.63977317965,2656.57652742077,1352.60222714314
367,pt-0whe4he8,1234.28374415365,2092.73707309529,1183.34805366654
368,pt-9bzrancs,821.339830742582,2563.97967738991,1631.99305716852
369,pt-6h7xnnj4,710.774451743697,2216.38426811312,1186.4907132936
370,pt-btzt4wg9,1231.09597091425,3086.10971448357,1417.01342515362
371,pt-9ftzv45r,938.69369665501,2405.90149369517,937.00148508803
372,pt-tba4tsqa,1047.99653855975,2596.70582692903,1384.81771778524
373,pt-1w80camb,1393.4208289034,2357.36564843035,1347.99958461885
374,pt-e384ge9t,1043.77486793454,2448.38047149098,1360.93889772413
375,pt-84damh5x,395.000248800168,3776.58591195461,2020.87833045907
376,pt-9t564zef,752.275635080471,2109.44650258068,1118.26782494013
377,pt-grx5w47q,1144.61433267196,2941.03372920076,1373.06425397272
378,pt-y8vszzy4,944.342501003763,2922.95917959191,1256.11691643079
379,pt-hjcpkff1,1035.99481685877,2155.26993486814,1305.15588543265
380,pt-wt8wvbgh,1052.36808076872,2719.13851649946,1512.10666384067
381,pt-3bf9c5dt,1184.493668173,2281.04272423135,1408.88722173784
382,pt-g887ba4x,869.342651365963,2743.30758520333,1231.03984872802
383,pt-r93gq0cr,1017.31562975578,2335.42585376961,1424.12082188469
384,pt-wd1rf7by,1157.82764335983,2015.68993700695,1386.38104890145
385,pt-qmbfz846,1239.19452336391,2452.48594445409,1335.06580191055
386,pt-zpk50nrb,1011.30367134676,2475.41817646291,1244.33676419167
387,pt-rmw98a9t,1148.01482719635,2710.16190621221,1299.35895321186
388,pt-necv9e1e,837.712818890956,3019.0037592401,1517.90526332352
389,pt-51gby6cq,700.126120704301,3331.86848669738,1207.65189731532
390,pt-4srr5zer,658.563363431078,1879.35510398618,909.251785557187
391,pt-9gpj6g0y,763.178738679728,2628.78000969475,1368.39408656656
392,pt-dnrrnxt3,1321.65345996931,2059.46365183963,1377.51111567108
393,pt-y29jdnze,880.355607746659,1556.28947242583,1120.03486142251
394,pt-2zn12jt2,902.163725766272,2417.31014826911,1332.81808429405
395,pt-e3jrm51z,1020.92180931724,2047.76994023345,1318.28483896431
396,pt-be1stwmv,1139.98482367541,2390.80185239637,1561.74653184671
397,pt-jqfvet2k,1199.77222657374,2120.89106466698,1390.77689750339
398,pt-gx8psrwq,994.941162854119,2599.88949283206,1353.48468752947
399,pt-dkfssh8y,1749.56903633918,1723.3665477255,1616.45863941092
