,simulated_based_on_ENSG00000186842,simulated_based_on_ENSG00000188155,simulated_based_on_ENSG00000215326,simulated_based_on_ENSG00000215458,simulated_based_on_ENSG00000215533,simulated_based_on_ENSG00000252045,simulated_based_on_ENSG00000272825,simulated_based_on_ENSG00000273027,simulated_based_on_ENSG00000275692,simulated_based_on_ENSG00000279895,Patient
0,4.09464286295283,0.2075612672480908,0.20435857404438262,1082.1081925253197,162.4125861718269,0.017860541417788076,239.96768187805748,17.869184716766586,0,0,Adda
1,2.5549647800953768,0.7516843491522867,0.7490612479957566,2599.9430964532044,0,0.03626253113176409,251.31994226412257,7.901932476187481,0.94542286672053,0.3514528323739125,Addie
2,3.985056034377034,0.28726971126297773,0.4241343334041131,1585.7841937686721,85.03485961526137,0.045799895270132486,152.74962542888318,12.693398265016189,2.9728491354386453,0.01806448901779273,Adella
3,4.854415779792143,0,0,2693.4617934055796,32.1188359904673,0.030014910168478952,126.4185147716361,5.452792018780707,0.18478154270735025,0,Aeriel
4,7.616633656399054,1.1415823093915756,0,1805.944979880073,172.4439057035032,0,99.28360909100331,3.425102694775343,2.0479877142925504,0.2604795625485097,Agneta
5,3.043842502332635,1.8564718254925976,0,1778.6417341771485,33.695338015698695,0,105.13310322340844,15.213584369060982,2.964563320378579,0,Aileen
6,5.221820227644948,0.30598750635961036,0.25769036054665617,2029.0861623436526,142.62141459095272,0,213.14374439330643,13.081064155108946,0.5509997849259102,0,Alexandra
7,4.807998312995475,0.16707645814522726,0,1620.5860707238462,15.905110185663197,0.1385178237008356,178.00569547671077,20.991045285608145,1.6254958569582123,0,Alleen
8,4.3906725941307645,0.6468812316145255,0.6856729242885307,1422.3676369591888,91.86901566522853,0,122.949525955856,11.512251176868197,1.792133599794504,0.32628667358104113,Allison
9,5.238661833630642,0,0.16244929251311013,1496.5760226877853,114.4599413240354,0.047394532685073903,102.98660386608479,15.832209287451406,3.2288341823097273,0,Ambur
10,3.7000514953800026,1.032703527165134,0,926.878734798052,0,0.07126544473098093,254.0184346021668,10.171057573626873,0,0,Amil
11,0.2591317119276004,0,0,1533.889906182309,19.427279945019293,0,154.8946390416033,22.885723518627028,0.8158452164739209,0,Anastasie
12,9.90021642646845,0,0.12709124809721067,1563.8166058809275,81.48665964963966,0.015972310113991917,146.80056465154445,0,1.5316806112937287,0,Andreana
13,5.257315108338853,0,0.5504966497815217,1928.9767532928731,186.0406847281537,0.03930231087422283,107.05526768870186,2.2544717234796376,1.6326024431551023,0,Angeline
14,6.391369376037629,0.2434532496571019,0.19300544262269537,2191.7703234715145,86.38090628606989,0.09116839354240196,175.34448416387912,16.022612687847243,0,0.2445151064965399,Anna
15,11.224596041967718,0.5496523209781093,0,1289.876307077288,10.249528846576126,0.07263537257016045,113.0397555784409,25.316718533703103,1.522510444387196,0.1437218271561479,Annabela
16,13.230206122314224,0,0.09025474718300322,1574.393839146611,0,0,153.6215644202099,10.282940800236352,1.0095999516888094,0.053303828327361046,Anneliese
17,3.328324631078709,0,0.3990351145256449,1547.0853156181756,107.37166298437364,0,151.8948995183126,11.929637856120008,0.7397605359942315,0.43097780781069006,Annemarie
18,0,0.3362363052077034,0.2265669123827439,2042.8934869070747,59.56259564000458,0,31.168642126013708,1.522472785060737,0.627221666861497,0,Antonetta
19,2.991684020173997,0.8461406711402619,0.04820993089619278,1980.2809720449745,19.679229947690644,0.026609340803472124,63.007322563725424,17.585355328295165,0,0,Arabela
20,4.000714693242777,0,0.2079371410997103,1722.01185617938,91.03842677289038,0.011361857022282073,156.348731426665,10.421589708651062,0.7912640590642148,0,Aridatha
21,6.378689036471931,0,0.5783536771795343,2056.9534829791437,104.73367933680973,0.021139881777820245,165.50940887157225,0.4954327094974964,0.8705304126468751,0,Arlen
22,11.76484241507341,1.4676820472478573,1.0875464040526976,1964.7091934626308,11.916573393838611,0.03721319658774388,182.81131693572524,8.008386616442722,1.0651965717233354,0,Bambi
23,1.2526790242365138,0.05739622910545536,0.33278565278825734,1630.5678990981887,34.798835170474504,0,191.0760383596906,23.42907982201285,0.06135764713591629,0,Bambie
24,5.899881315872249,0.06710587144643262,0,1225.6788941259315,155.76655562446786,0,130.1752971406867,10.333519122602889,1.685158814421073,0.14656205891239238,Barbra
25,3.665047203744745,1.011865675037229,0.4502370298181485,2208.394930142018,100.63135315812778,0.05201959957347431,197.46012972491408,14.397251188773758,2.1859580876147273,0.20274776316077076,Basia
26,0,0,0,2227.941762664972,66.81180401399287,0,106.84136747049342,13.105295226002752,2.330796754654374,0.0675504300472415,Beatrisa
27,5.792054495560221,0,0,1210.2672108114764,18.30716666113517,0,160.74343136813928,19.44976187554696,1.1473903741172833,0,Bel
28,10.095449166423318,0.9413247750276328,0,2399.253082927522,50.52151046182426,0.06700548704576072,137.90543564128018,4.413866807144736,0.8011725239113789,0,Bellina
29,6.373959639907136,0.7456417474075905,0.12915090973143473,1259.524456746719,31.550796734741517,0,200.41704568791255,14.693606748734176,1.9898986655325155,0.15126590592994646,Beverlee
30,3.9543982817957937,1.125337455508666,0.6636397957137575,1955.0516788976356,29.732388245816246,0.11784662760473531,176.4087979361872,10.353111499697757,0.8298807300964469,0,Brandy
31,12.628407500008628,1.0224050509327418,0,1909.3511083110516,27.549931002455615,0.04560256769416424,261.65705925494444,3.766337042051777,2.441342422300502,0.5040170902220343,Brenn
32,4.920294052748373,0.6264781396854544,0,1777.3183603628308,6.655635037601819,0.03125053736584002,143.56722570028694,7.248250437010137,0.15868649628252585,0,Brett
33,10.392434225644827,0.06726256083855439,0.16661244100450517,1640.1478061956502,146.81342383619824,0.01990794500143931,199.98805429939662,9.915166434542437,1.2384958252690659,0.05545131365157965,Bridget
34,6.417019097483148,0,0.05919481861698701,1308.2530454052794,31.160762922753452,0.015093995183758778,208.01516637484505,29.495510695596487,0.6938392890848377,0,Brigid
35,6.050280544068157,0.34959702128559356,0.45467398482951105,789.0114443818981,63.144774710724434,0.05694761484124149,168.98762113790946,1.1865573591911165,0.7627966472084496,0.12971458265482216,Britta
36,14.618945745628992,0,0.5524305368706555,2565.8603283224847,53.9593178375751,0.002708200630663534,158.49666103395475,5.357453962566302,3.6411563252699395,0,Brittany
37,5.850707990866317,0.47046233362613216,0.5160860832050272,1478.592813404268,31.305485591573326,0.06406001143858493,76.9688404045649,13.930885087781597,0.4288305496161796,0.05284036536117965,Brooke
38,0,0,0,1846.5635454611638,0,0,196.315085837493,6.0256198112357975,1.6185209696727756,0.2789371015725658,Brooks
39,0.9060928387972806,2.0133780613307684,0.45645581730157736,1015.8710442911088,77.78102261912885,0.06614459984831811,95.51675004604414,18.190870842872187,1.7123987909530443,0.14338057844216304,Bunny
40,1.7972432140693386,0.8674465253219297,0.28072987491251633,1257.6266164671865,99.82268719460629,0,316.688353962351,1.8312509206113088,3.314009996569552,0,Carlene
41,5.510751396387013,1.8466547518788612,0,1975.045192474255,120.67903919597026,0,160.2436344210328,19.967243556640938,0.34509043283942475,0.5710235950774133,Cary
42,5.586515579821924,0.4607718878086823,0.17141398674899258,1656.473197624135,71.15697066841544,0,201.52248056992843,9.100189652452416,2.1935239847266375,0.4020104366519616,Cassy
43,1.0452105564229575,0.03680114479100011,0.06888184761097196,1851.6322659964483,73.66785982701838,0.04446429247886987,198.53994761506812,3.7701946684051144,0.22306108548435732,0,Cathe
44,1.5844194407219838,0,0.011596666229885325,1257.5433243197967,156.53807570961536,0.058077145921827236,120.64151100748691,4.375049729932057,2.2458165746244645,0,Catherin
45,8.29620344490807,0,0.43331040692121015,643.3176005628744,58.98363067972831,0,110.16391880131582,11.82257251911318,0.42944591937109666,0.2926024197853938,Catherine
46,11.62995128334099,1.874926734608995,0.16723845086634842,2085.3699143935883,85.0548538067676,0.08180530175479908,164.1595039231534,13.464889571885465,2.4944199105921587,0,Cathrine
47,8.812180415102269,0.4745284619622947,0.9624584090566319,1288.8905223655656,168.21455820114082,0.06928344584970228,173.00474014395138,12.196811225670245,2.80999819044515,0,Celene
48,13.636389693554797,0,0,2868.4351775641153,140.01342376203385,0.006919041593718332,124.89163262310284,14.106609957321394,0.6724313087343864,0,Cherri
49,6.536415463337803,0.6900017195738922,0.25475383773754895,1416.1246829660756,199.7290779972418,0.0029773192676164685,164.67810893467117,5.77860322532201,2.2326856848732826,0.013126672295810576,Cindelyn
50,2.109070716219197,0.9861527729385609,0,1035.7030231201588,83.05659291164474,0,114.14784306200504,11.236464875096678,3.1838522602267103,0,Claudelle
51,12.537577071210958,0.6113293969957673,0,663.5538674970653,112.02093472956467,0,132.8300177402617,6.399932975586121,2.3537728630657404,0,Collete
52,5.060900162969046,0.22099423313360406,0,1903.149530056768,83.02022334870865,0,108.98934455483919,7.440649419344778,3.311313702660939,0,Collie
53,0,0,0,972.8175431840108,91.16114721679577,0.01276681255606495,278.79649934114565,16.57158752837358,1.088230724906351,0.1445569246326246,Concordia
54,4.651765091389931,0,0.20439069214313196,1795.1325429559722,32.46377229952165,0,140.17342090584185,1.7790074456086309,2.437037338176303,0,Constantia
55,3.706684835281745,0,0.02227098457019562,2019.5505618830077,55.33448390399011,0,232.06333773219765,11.22771996920092,0.943784242264633,0,Cookie
56,8.753239967436354,0,0.9686350982502387,1805.4404086244067,22.02913174920738,0.04755727740742662,191.01812485018678,18.767744456913928,1.940095257844698,0.5720197590760218,Cordie
57,3.3753529908607565,0.7153948795402068,0.6452077674208057,1065.4560076294279,46.9859143598493,0,134.9662843382281,14.693630704181464,2.965053514919381,0,Corine
58,5.451763820750276,0,0.935278417086123,1994.1898248220639,170.94677223898137,0.1729345117190673,54.30413484767078,16.621096782280492,1.3857357989197927,0.2215430450158955,Corrie
59,0.2271824365990902,0,0.19065420487833795,1179.789440897983,0,0,190.09195385130712,11.6634190565069,0.7336103591743612,0.35144537809133314,Corrine
60,4.769729868638858,0.10739366517423266,0.08429392020666639,2433.5829405464415,94.08452784504053,0,67.60759295093007,8.646241090842043,1.752362261753821,0,Cyb
61,2.6095342446653156,0,0,1989.2823563587756,66.60726597111932,0,177.07360656722076,6.573838123168756,0.2416562176865351,0,Daisie
62,9.976116352606859,0,0,1818.6574469684633,0,0.04097980549018962,326.79087568209866,5.148984053898979,0.8422951988621311,0.4433989195129283,Danella
63,8.08999825819339,1.2667730607653775,0.06502898707378835,1337.6763633381813,140.12837130216263,0,179.32599761609094,17.64178614380325,1.513872614104162,0.23966393810701941,Danyette
64,8.4024312667807,1.0722783573244545,0,1149.6845285952045,0,0,166.20268113473475,5.167652149679654,0,0.3127808138888364,De
65,15.333035677986455,0,0.16384737080080847,1481.694680935285,124.0192590967435,0,216.7162322884927,22.080625684105947,0,0.6523889950955262,Deva
66,4.648056920919926,0.1505328651496184,0.43120211319866353,2371.4492872157607,164.94367635025029,0.061918151749562014,214.6480353006089,6.145597365690306,0.83524895526911,0.8150038344868411,Devonne
67,8.768432313127,0,0,1509.4438660120354,36.245180791850856,0,153.40187410721256,9.40823922706567,2.952812296538131,0.639291144418608,Di
68,8.12027975376293,0,0.4844629824664354,1710.6188220810163,1.8845061623261827,0,119.38229155192195,10.73049757362054,1.8183129884591316,0.6261020004421958,Diahann
69,7.425421545166582,0,0.7241776758408304,664.1950988945524,122.25179441726897,0.016798954301712556,178.16488517003427,12.038718410830063,0,0.15249053283060138,Dode
70,7.510910951716671,0,0.4080544138061608,2202.3014701271786,115.05803509246813,0.0660069017743677,137.15589514113728,21.32371534601574,2.7240006854214203,0,Dollie
71,5.180973875459238,0,0,1192.9521333391865,83.78591012999743,0.1115387777475641,151.97129817992172,3.0009670376959976,1.1153865150138425,0.3717890541370048,Domeniga
72,4.75143248082948,0.37078595806067627,0,959.9482564578655,116.02643551872305,0.06249572043808475,114.17089620813465,0.8063807389895352,0,0.17333018658778732,Dominga
73,8.82492817725736,0.22877391636022995,0.3515174096601581,1176.7716541945713,28.53762275012803,0,183.09099124996953,6.45062151735384,1.09849780224117,0.16719671983652884,Donelle
74,7.6430295818635,0.4879255945710793,0.48569688153800916,735.0871029787962,28.60449333511604,0.014952103174757522,205.8929651444069,4.4305543395696585,2.870785682819913,0.08533770052283843,Donna
75,0,0,0.48581076798749756,1556.526159096616,0,0.0443125953360668,127.32579563525988,0,3.4925960282139616,0,Dora
76,6.832219024068466,0,0.7217646468766017,2191.5431356732156,0,0,119.91282014086315,6.510096608392381,0.2607085616669673,0,Doralin
77,3.7501830236312523,0.6042628306629827,0,1883.3416351529593,0,0,153.0240129481186,4.136266600453239,1.6974497129749033,0,Dorella
78,13.107349002030382,0.15236668107225737,0.5397761179044122,1505.5149133654243,75.92346269328216,0.04960032699228161,179.72955118233537,8.636294434052015,1.7336201422935729,0.5014021000091173,Doris
79,6.022423819944835,0.6353722894597298,0.2944243766934349,819.7550088490682,52.47077708770489,0.04426355947763504,178.30298649335984,19.97571266630105,0,0.2701193533288665,Dorris
80,1.5502095302516166,0.06795547120130518,0,396.2180481997939,0,0.007073606138302834,197.7487555999823,5.4604604042320455,0,0.04282860246601954,Druci
81,10.0653272925754,0,0.4921220158355557,1333.6926744777593,0,0,131.02055160476817,16.219203492744334,1.1851075164338067,0.9427111972264477,Dulciana
82,9.885558393262407,0,0,1911.4569964909842,68.05914633088169,0.01699198456783186,202.68899942522845,10.758920508002047,1.9471721373084527,0,Eadie
83,0,0.40703365066058655,0.07973492435057117,1372.773190527475,129.66360982518702,0.02480675380713535,192.43098847871568,20.45809185919078,0,0,Edi
84,1.473431922835311,0,0,3120.4994207319146,95.98592586178586,0.05535137664133128,176.89242496503002,13.265198407167656,2.1149075841769225,0.4371741269412606,Elbertine
85,2.410454213519828,1.2588594610184158,0.29383590881631483,1287.3804344413415,84.88737506836843,0.059901520089782286,103.7997105276776,11.467099930749084,0.11719280911731067,0.06243959634864936,Emelia
86,12.279543633619012,0.18140136185190264,0.4936982972226901,347.13787948791673,86.3252932178449,0.05339142060237616,124.35204029429181,14.105216354462545,0.21588877590125977,0.01663645889969651,Ericka
87,1.4340416537024443,0.2667903755863127,0,1811.5616694853932,90.81603937113167,0,136.24545641067704,10.818907999318629,1.4507421752370757,0,Ertha
88,10.822750123575643,1.2085813306769964,0.47405037462523236,1883.7264623734898,105.87413818200906,0.015410293864437838,134.09956869213875,7.242981908781504,3.5610625860517997,0.5502448878063797,Esta
89,8.848967752279497,0.8878796948732519,0,1529.1754820415958,79.50790274419606,0,188.66409154587888,0,0.3508971366482818,0.08783740001045451,Estella
90,9.203238234345665,0,0.513272793213834,2394.0496059193565,92.02439409506927,0,166.5626519663391,0,1.3372494470252692,0.5628886197751115,Ethelyn
91,5.348682931293132,0.6720213682246748,0.34316214576451576,2394.7116683638924,142.54137811051265,0.03597445623185259,221.86146767538054,0,1.7427966763892744,0,Eulalie
92,1.4680957210302057,0.5997841002069623,0,2519.704355944957,80.29267574975528,0.03926034803272751,107.36789660704437,8.47532807976196,2.180144708905737,0.31664451664225124,Evita
93,3.7934109098834803,0.025173371724106747,0.29445549611495936,2088.853000130359,162.32676354310954,0.01250405863866614,210.40807981550194,16.917707890344523,0.12723973756938278,0.21785503549226398,Faith
94,8.452397475825247,0,0.6997367237736,706.5810709974477,55.00635968986405,0,120.30385537078524,0,1.624378482684207,0.5775851779672175,Fanechka
95,7.57906121231874,0,0.10811536841900311,971.0745999403357,121.31292214430543,0.12072447030894431,197.558576294483,19.136645483370664,0.8443534601227916,0.23348061933468867,Ferdinande
96,12.612203904841593,1.004778662517043,0.018993410440501263,2003.911879109765,68.05783703261477,0.04452140518354707,256.7037005657122,15.71627318837747,1.5075179597862511,0.17735435512753855,Franky
97,5.84755030419551,0.04159023974850232,0,1908.3890302888708,35.304290800128186,0,148.11668124758322,12.395190617405438,0.09345637754275304,0.030878263321414946,Freddy
98,5.48910820223552,0.22892088810573483,0.21981335612466985,1024.7982420336482,106.28335113970368,0,168.29828595801268,8.252723429363304,3.137828571661499,0.6103215729912818,Gabey
99,0,0,0,2128.5164664064796,89.02290137514889,0.0848644753492296,244.99039156829969,9.539751619656508,2.045147212103709,0,Gabrila
100,5.809129130763803,1.0500566086641983,0.2304192842168025,2074.919593022703,49.188522108340266,0.11903328328791137,218.36226192675625,0,2.038905317738105,0.4351068109441004,Galina
101,11.846036290161477,1.4943255454511883,0.6361414932249837,1607.6849259555481,58.62110634086138,0.028679995781343896,106.53768057614269,6.8312669946212035,0.6879415624306195,0.3685983576589814,Gayel
102,0,0.8537894794390444,1.0125432923067357,2044.4299343041573,83.97393673895145,0,108.09283641975061,11.933816516079398,0,0.3022107505041956,Genevieve
103,0,0.6428576114818811,0.25447090746279577,1544.0314541395921,163.1091215236216,0,46.828321524261995,11.478266308408358,2.2660391247368796,0.269058126467827,Georgianne
104,0,1.0390102452441068,0.5091547510322889,942.3127747418652,46.77257580902014,0.057255605056079004,106.18953772519131,13.289740937310484,1.4754376626438523,0,Gerhardine
105,5.60311856289573,0.3120217686628094,0.635671762311996,1711.5783655679852,133.27087860888963,0,163.49793708179186,1.9469009928057055,1.6582635913613548,0.032809160033716915,Germaine
106,8.84289639303807,0,0.4781993484642024,2085.320664996358,36.58361885225314,0.024696956778179593,230.64806132694392,7.696031428191546,0.09914350789783355,0.19631429436763298,Gerri
107,3.2072983791851493,0.5857338778113681,0.5408455135482432,1919.8381316742202,0,0.02031733410014241,82.75355620617725,11.928653467984018,1.1037067372360838,0,Gilemette
108,3.9765104411292906,1.1163678690614978,1.1676800554855045,2065.269238277804,0,0.08702989839679116,182.41675164757797,9.285537941470954,1.5401391813558096,0.04114821967300108,Gillie
109,7.1005069801326774,0.8534535025564591,0,701.8247703027397,115.64443846520871,0.05487041069142401,215.6430461789636,9.193106113754638,2.1530867364726554,0.44119706130974745,Gilligan
110,1.6932333162663515,0.4214113607547526,0.012033174478091144,2260.058684869321,24.87809622422538,0,234.46651345124147,15.647953302961525,0.3877198246260164,0,Glennis
111,11.088283684560366,1.063258223067674,0,2109.272860564608,83.74808754809234,0.03602192542804427,236.83334502490933,8.170347112526528,2.777663698951195,0,Gnni
112,6.477018878556475,0,0.3079636296662784,1788.5292831744287,77.34858572880898,0,221.3462185105052,5.542361527471691,1.1121950184964966,0,Grete
113,1.411296322907349,0.7237838648327243,0,2665.4958182646938,24.167419721875795,0,161.9475798914861,14.675452260638243,0,0,Gusty
114,2.1219278478713255,0.43053745557345063,0.295472716381768,1809.2988838876515,8.058212214876882,0,235.6343786493934,12.525422062556421,2.2488898592002577,0.2123790789160454,Halette
115,3.5379121011795363,0.3299029930775964,0.06061162569841673,745.5204150676931,0,0,125.20449682922629,16.124476681362207,0,0.15938536830559583,Hanna
116,10.227477203771427,0.5977611333461154,0.09672632361596839,1826.58544850704,22.753935954786478,0,189.07312521226586,15.463753818373771,0,0,Henriette
117,1.1808339856787544,0.8582411154564027,0.5459817484053728,2922.6416871746096,95.92916083941424,0,132.59494432240263,2.490208795439578,1.929448907169009,0.1222987838632079,Hilde
118,0,0,0.023953631646439072,1917.7719967163662,161.9451107508192,0.0833237478504512,119.2876357956591,6.314260882140489,0.3093009956176519,0.6863784807309671,Idelle
119,2.5324565678635875,0.7446432974916276,0,2107.3210373678057,44.057017194913165,0.0647493561647463,212.1416414976373,16.29657801857816,0.4671693795079197,0,Illa
120,8.64587856081532,1.0168257021588112,0.38298653181099807,1532.2458130646892,64.47442913927111,0.019458332100897802,146.07777562700434,1.595572821637262,2.3213526187023175,0,Ilysa
121,2.2167413115291343,0,0,2336.2149072493785,3.922895432202111,0,127.171124835888,8.806981402743943,2.6251900537508703,0.24769422147951442,Inessa
122,10.923670821758751,0.7038287008592266,0.21349308376547715,1729.3826515042872,78.82148856472273,0,206.8856627665194,24.642981840389893,0.544746517441086,0,Ingunna
123,3.057799214430236,0,0,2167.4956914892346,89.70458749265975,0,106.5607415128992,5.622809843646085,1.6030225423615447,0,Ira
124,4.966978931837832,0,0.4006067760642106,1839.1798341003132,118.05437413077311,0,87.62078862980741,13.14673058987416,2.3138329615604167,0,Iris
125,3.2575672733592507,1.2157403863656864,0.2899303822505278,1574.4287401066983,53.97940476497335,0,145.06900893489453,0,2.733195651212291,0.5719238262241761,Isis
126,4.062525981043297,0.15880797649093942,0.08274972432299277,1403.7223052017039,19.063349168638148,0.006233478693173733,154.0431308931489,13.903238013613215,1.1108169692583096,0.24076680780864163,Ivie
127,9.019051135721252,0,0,2063.91771247499,103.18370277629441,0.0654384858768502,125.2090973600562,14.94260733513215,0.2407935138192807,0.24947588024658912,Ivory
128,11.099883984042252,0,0,1818.1515193026862,27.792218997162905,0.06929404794483338,248.79872424218064,21.583471631191472,0,0,Jacquelyn
129,1.6992575998280253,0.03333201518505846,0,735.5187512670199,97.9383550076396,0.0851712670620957,134.25111343041428,2.3792014157787786,1.5608245032136645,0.3306115812539842,Jacqui
130,4.4702170785194095,0.09183944565124702,0.34469788307108695,1883.6294623045208,70.09392225354935,0.037419798862147254,67.18699944912787,17.252944089588613,2.282429556987381,0.08442420478647085,Jammie
131,1.9389872989270311,0.11437309641351792,0.3555329422577015,1890.3326027335675,94.69507189836415,0,215.30565641499476,15.203317721309897,1.922206359839047,0.36892580464840197,Jane
132,1.397968116426429,0,0.5464128731149415,1908.2865015910197,171.98688790909273,0.011075204648229477,195.15364563197653,1.6266706780570725,1.33391781260173,0.6053808161933003,Jemima
133,5.158932074624945,0,0.11339043701165855,872.4396764281678,139.11029276783793,0,144.45371902669646,22.977192853291697,0.04053499937651184,0,Jemimah
134,0,0.021031331919880714,0.37408906030636235,2443.04236590751,31.3621320004624,0,189.62317435571848,4.004950535563251,0.5425334228494444,0.35526956103028845,Jerrine
135,0,0,0,1460.6751136152736,131.09929264740927,0.024781551527695095,170.9327021954952,21.867158994620148,3.067895370864184,0.7263111231494559,Jilleen
136,2.7714396660642984,0,0,1830.4066355074565,57.557196986792434,0.08531963049697824,179.87983956830004,11.147192789588852,0.5198569133599521,0.36237736233422463,Joannes
137,6.740962309130621,0,0,2362.42047031194,57.10608656083734,0.09294206386484585,153.2455895414538,11.891625348084755,2.0767070926595603,0,Jorry
138,8.197320960417386,0.018438223943500337,0,1696.7192424089906,74.41085242255294,0.03540182945857468,202.9387318731577,9.778194875768081,3.58926090619333,0.048823277622625325,Julia
139,4.383514925342249,0,0,1290.79667344029,22.869113187715733,0,161.81330189280675,10.883601731328374,0.6753362314983642,0,Julianna
140,2.911017619805827,0.5248863021748114,0,2907.7216115861174,0,0.030498855684220977,255.3234907914761,19.587240429475024,1.7525400069434163,0,Juliette
141,0,0.25551865853519806,0,1700.0317797720588,89.26277546660776,0,118.62991216296257,24.367718574984615,1.5692432097209594,0.6414292284126932,Kaia
142,10.90494086319936,0,0.49851057882931427,1843.1307251589146,70.30930387943607,0,178.8385991865691,11.601467451948029,0.3683171076960351,0,Kandace
143,15.775310958982953,1.539318455269729,0.48805010405473537,1406.692934109892,111.02947043673072,0,124.21539016769466,9.909054855734013,2.600516148801789,0.06337225849280739,Kara
144,7.842812711302819,0.33917379397643455,0,282.89508506898846,70.29073594009975,0,235.67282199538317,11.343890021474104,2.492984683518573,0.5026615181667032,Karisa
145,8.887235986246814,0.4734350283957771,0,1837.014149091538,45.54549327101934,0,165.56633287818116,10.224344086438148,3.7179461934689257,0.02953683526698502,Karissa
146,9.499242687346214,0,0.45940278781176536,1218.9589133308614,173.63998074577634,0.016872325848006495,150.8080103572047,6.071719066181755,0,0,Karole
147,1.6240864696483732,0,0,1661.8795522775556,60.15714534985507,0,133.77479191379834,20.73562093437873,0,0.19718716749043153,Karolina
148,5.7292267950101055,0,0.3886834980274243,2612.552367628592,0,0.03732883721044958,143.63205876453657,18.40932719919708,1.6125737201806185,0.05413251155629863,Kati
149,11.377294989340497,0.9004263424549199,0,1991.178376642114,69.00034717775257,0.06885123063831888,137.2160925157224,22.166212823742786,0.7314519273293933,0.04542963881553633,Katrine
150,12.542065943758729,0.29713580527119154,0.5590754270216397,1080.0785523437441,0,0.05801305955722885,138.15003566233958,17.95909465155003,0.41827211156423083,0.2440245140677495,Kelsy
151,0,1.1695668977427838,0,1446.756427173652,122.83887750174539,0,108.00068883955774,13.033881631333301,0.3850073888841675,0,Kerri
152,1.4757073252193185,0,0.14418912145034912,1534.7886996254306,28.79330126911384,0.07950117017468147,198.60358912607867,21.113360318778298,0.6107276513764328,0.02780100339942574,Kitti
153,3.4171178851744974,0.014719610780616232,0.25153952406316304,1481.2051785132096,14.87553069734578,0.010773803866241398,205.85600046062805,8.78516367828253,3.1184106093620185,0,Laetitia
154,0,0.3351129396485994,0,1989.9874754867199,59.44837751053793,0,104.3386365897415,9.957975062234214,2.2268401280184666,0,Lainey
155,1.0091336953146701,0,0.05243112226107344,2102.6262064677667,2.024244730950336,0.03527840563433625,84.59632337254067,14.21365692673564,1.2164016736658239,0.442547761689972,Layney
156,0.2243935745393415,0.4425375661469314,0.3594721693126749,966.4492948547401,0.3358753396004275,0,213.49642933746378,13.549483692134888,0.37892142918367233,0.025791652793682177,Lenee
157,4.807520510128228,0.24463136461988688,0,2028.6078119640433,84.76695805380405,0,238.04912051460204,17.18378819715403,1.7651418200855717,0,Lenka
158,7.288319735380252,0.438751053037121,0.5805690533849306,2625.557711580527,90.06671655140603,0.10234662252332344,221.53430870314568,10.61271039023432,2.3260441853093767,0.028865803132157794,Lexine
159,15.40057387226117,0,1.0493153236078607,2926.035294519818,84.19912133406575,0.06931491938901085,123.67138704962083,19.24768908744978,1.1216009488634224,0.48218501556246524,Liesa
160,5.744688120660074,1.2209745154166787,0.3414860849102397,780.5850475468902,19.71089328697653,0.002535652007708152,108.19847345639513,20.820727011103923,1.2479208402954476,0,Lindsy
161,9.01313466341494,0,0.4618092051239103,499.54530286878116,64.0362804049709,0.0008675074800370184,66.73383705082166,12.947949479183436,0.2831035934446785,0.1369383207427307,Lise
162,7.016014204242868,0,0,1219.473618447321,152.46905353042374,0.07507128467524929,147.79304741557564,9.290907673337827,0,0.16286599582912378,Lizzy
163,0.7743163128792512,0.6542426368718205,0.3154377700711327,2168.7341020891454,0,0,136.62004288206822,5.9107719112150665,1.3477613531523356,0.8558965207740366,Lola
164,5.661517554494904,0,0.661929710409155,2262.2852189810806,95.92800162577933,0,226.15016164972536,7.846378631820655,3.476895778439556,0.26699474616117924,Lorena
165,2.8166956737248867,0.4516970704346035,0,279.3903826296273,63.7960798559999,0,115.07216685186745,13.356598638731274,1.1554438158876104,0.025000218446788507,Lotty
166,14.978493343933895,0.48139070539827333,0,2191.654263512045,0,0.025961252750771317,139.1299242793122,8.231806471447205,0,0.4095445104245071,Lyndsay
167,10.053813773197408,0.2977693828620048,0,2227.3477792099998,27.616149099858013,0.058091801250403266,144.64143151234447,10.476664750770178,2.194396860110639,0,Lynette
168,10.55814741487447,0,0.8476945965299758,2134.0338332121014,85.62778119125446,0,104.24821030793174,15.053488778093069,1.3757927785292396,0,Lynnet
169,4.974925763785148,0.06327611615465692,0,1437.9007617332059,4.300148106060071,0.03495763351381942,145.1925925435685,24.342566953711,0.8738327365798392,0.17821068363727194,Lyssa
170,3.5667109105824535,0.7282094415459346,0,1391.6154016375895,107.53232817189448,0,253.2074250324727,0.08668835526714247,0.5764454356738428,0.20836745496161307,Maddy
171,5.230057781993583,0.9645285278697637,0.6052461524296419,2016.6798448378295,103.54170238413519,0,207.9213141965334,9.607028709799819,2.3791677835612175,0,Maggy
172,12.145325151553177,0,0.5444740287204672,1881.9842352775554,0,0,128.55658394387495,7.899536847308242,0.5004806095000028,0.36137238889583184,Malissia
173,6.914800658924061,0,0.7542661555513372,1391.832510027379,57.26623970886639,0,110.03444385513976,8.571321105889073,1.1915870710316463,0.09625797960518172,Malorie
174,7.001212301380914,0,0.013917742674164804,681.2127126676143,10.583931227728982,0.005926043369373272,143.27686099703308,9.660176589567811,1.5917238096241448,0.3564905214816482,Malynda
175,6.07306822942771,0,0.21388418113027974,1563.2971506110327,111.89176777769065,0.06133929021595511,70.73184334235061,17.510379785050468,3.348391515804654,0,Marcile
176,0,0.6616163732191822,0.5656508667707753,1517.7821705709632,51.094527423083505,0.05141613499751478,158.93465864410922,5.132780812563909,1.737717241714389,0,Marge
177,6.412831457402107,1.5805171166951986,0.3562033181424564,1788.254923936804,136.933109457785,0,166.26375688358988,8.158165438437003,1.1719894243509825,0.44474049126036086,Margeaux
178,5.6729157017272644,0.19383999771449467,0.07459193792928027,874.4650855216513,10.780481619050803,0.014634431911393516,223.69099095782843,5.266114989695458,0.54724815522736,0.2339913244380974,Marieann
179,14.883096583132478,1.2613700762434654,0,2035.6388598894428,76.73686242377586,0,169.69284956980414,2.7003483715993326,0,0,Mariellen
180,2.738363486078917,0,0,609.7958173235118,113.4456253515451,0,236.2759225050729,16.783855683818885,1.5223611804161163,0.04946688175436478,Marilin
181,9.00420822536968,0.17537017412082453,0.3216000622154574,1892.658856175135,208.66222410337096,0,84.4797711774448,12.870240168642566,3.4483874429758097,0,Mariquilla
182,3.4662453348209383,0,0.5240842725543847,1526.5752569860717,97.53961926989535,0.06843573457271257,91.05752459907632,6.362346428221697,0,0.734414305689833,Marne
183,1.1708595031602957,0,0,1795.7851117316916,0,0,211.1473383016671,11.347348660722007,0.9971025976514241,0.011490433882310795,Marybelle
184,8.775545684134006,0,0,2569.171968949777,72.11935639042498,0.03314048076385242,115.47259375824581,9.56626532508303,0,0,Maryrose
185,5.893069872156227,0.812751153155064,0,2317.7213018278953,83.02727203955135,0.052073570176855336,159.57939963937892,13.921100378434918,1.8615812275244676,0.3466528704106924,Matelda
186,0.9790771946417713,0,0,2044.2126169471846,138.74867339484425,0.016528032668565906,92.32027724840415,4.114290433508067,3.225322031400088,0,Melisande
187,12.46854356178417,0.23351654343272937,0,1751.181119235327,44.96266808483331,0,126.05774916082471,12.53040020230034,2.2258190759192935,0.21674562947487597,Melva
188,10.588161903522291,0,0.023769767480330314,1125.6449937318876,92.37582026481729,0.0510634684435889,128.72818415691285,14.55748404264456,2.139662775762157,0,Meriel
189,7.631737564181607,0.9492665832167986,0.005678672078248667,1445.2839388325442,0,0.0442826701845873,229.3725480470422,12.905538650832172,2.7460051562878944,0,Merrile
190,3.8565831506368173,0,0.4485558035271019,2150.429014167977,79.44262037119935,0.004610857884513014,178.9450542050692,15.875565031887016,0,0,Micheline
191,0.6248632765717197,0.05266149689759478,0.02227283422183962,1232.6695716603788,103.57662770198118,0.06599205854169268,116.07787988220807,12.001170255541567,2.825187608602629,0,Micky
192,10.798834211558464,0,0.2152212604702945,1591.2728614352964,100.55861964359937,0,175.56623068704295,13.01384351649353,1.6909520764320052,0,Miguela
193,0.8692802042726475,0,0.7436028663316138,2191.3944246391748,32.54780357536687,0,184.8213563805236,1.8776992933943397,0.2602217927060031,0,Missie
194,5.153682178466781,0,0,3154.3912616061907,84.08527893827748,0,184.3894618814512,14.758426904750454,2.3203039188590466,0.5813881896271255,Mitzi
195,3.5540117333084558,0,0.48394233119142116,1789.9513315021,60.63494389288001,0,128.0644494038024,15.604517986272914,2.383715125727262,0.5436851465457846,Moria
196,6.136675113460541,0.17041070383801274,0,1241.5668730441846,37.44819929376438,0.05699957834838593,145.23237574727688,12.083730188729728,3.3885316234546394,0.10236051644345073,Myrilla
197,0.14780033686756777,0.027878011495252708,0.6579309960183302,996.0412696278233,20.44817167004245,0.08731849222384162,154.91334099339733,5.834107081693673,1.6160533353973334,0,Nannette
198,9.675805236830062,0.7550734144433204,0.12784447736390717,1927.827317989605,136.17028215970583,0.01321502261725106,277.2839789239132,4.274958302965152,2.8137408592556006,0.35337125463552616,Nell
199,3.2400584458082062,0,0.32325565191461547,786.8460773462954,72.48158117146731,0.014446443091266444,125.74151809399632,19.12582166994002,0.602561243335239,0,Nellie
200,5.771168760720494,0.689155146827784,0.33829994382793066,1201.2026724988164,218.44495206478274,0,211.40647655347345,0,1.5521133476188254,0.45989434164414555,Noelani
201,8.01866075460911,0.023349427866289796,0,769.9749655069317,91.51184475155533,0.01921163434114362,191.77096401024673,5.749950792632615,2.4308820300455043,0,Noell
202,7.48588853759202,0.8486706430161548,0.10791507804493651,1151.7212034748513,111.91769254636988,0.04535185075981863,161.69268324920594,11.161403776862237,1.3360481663957198,0,Nona
203,3.191100863443354,0.38664159764341477,0.06937839559803971,285.0505522066128,115.25243439207742,0.07307839314416384,194.71882592154478,15.683458871698555,0,0,Nonie
204,0.9016517244770927,1.4295998048161525,0,1723.9937805221234,100.49097296493768,0.008672886542877142,184.70795871750764,15.526196402228507,2.1783692964197803,0.22245845983830065,Olenka
205,4.985060258272017,0,0,1683.0960985810584,116.5027403877207,0,108.68880633918488,12.126727751640274,1.5699332816086322,0.10763002988862606,Olympie
206,7.060097339410179,0.3483857081625278,0.13827701795925823,1837.7779591816459,47.06849143076645,0,180.9073698076926,9.714019230818161,0.532945668748638,0,Ophelie
207,9.134231548424918,1.0628541356723078,0.5019145374929508,1269.490908311078,8.593630798846114,0.027254449724356505,156.4634653133307,4.928490931595471,0.7202215005510284,0.04039481823929793,Oralia
208,5.978883175179613,1.0711576333137323,0.936419704213845,1111.2045046683668,88.16218901416696,0.059608865816576595,140.3676247388399,14.392578738615235,0,0,Peri
209,0,0.8362660507678639,0,1620.2212178796572,13.562428418390546,0,71.44909662194193,3.9734393619810504,0.7771300630866631,0.7030717605833048,Perri
210,6.283201617092347,0,0.40583328249685025,1748.0857935344625,0,0.10765470390244695,90.5586407342378,2.3101900118450196,3.050857104402036,0.13160393193730086,Rayna
211,6.672480522841893,0,0.3219980345549508,1660.4653117162227,0,0,221.0583854696916,18.38955743201352,3.803990185780816,0.49389264892825424,Risa
212,1.6889066356836864,0,0.3771022077516867,1054.8954092039512,32.772892350624645,0,283.1100433118339,16.76225624032689,3.2003800458696263,0.16197381839249197,Rosamund
213,7.077602650326169,0.7952073946813376,0.2337694801980808,2419.5566885805747,119.93309242641884,0,154.97890340623874,9.24032146762576,3.168228321189119,0,Rosemaria
214,3.023063670934425,0,0.15142782978416738,1002.5973119004192,56.86089706904599,0,153.77855728315433,2.048844750290126,0,0,Rozanna
215,4.4750473837923685,0.48267807216219843,0.47188361260519474,2229.879040597576,63.72460567737205,0.0011678957487462039,283.48748167918023,5.4899527542856665,0.14783555598337061,0.05347820240148949,Saloma
216,7.309852714502974,1.6069640198376152,0,984.0944629599278,62.110110148687525,0,113.55971738369033,3.1352636137865053,2.28806346230009,0.7903964364664151,Sandra
217,1.5272752500027975,1.4545453931398902,0.10634144731656887,1113.0992874614153,73.34811143917177,0,150.42598641994175,15.211088848190958,2.4460533619639664,0.10065523117086507,Sasha
218,7.8846058361816675,0,0.39902919232702383,1518.3732333986368,10.403606368967267,0.004272517793716875,114.6203515656091,7.090774198826923,2.975929158392735,0.22916787516542841,Sharla
219,8.103396359942284,0,0,1508.113099846977,32.59381446649854,0,141.78271712670275,9.445116313276808,2.620507561787936,0,Shayla
220,0,1.1362460365079752,0,917.506432733767,0,0.04358060617513844,152.38163495531202,13.165569197922396,0,0.24179712103787143,Sheba
221,1.8543016900053533,0,0,0,51.72446320965913,0,32.491968546933535,10.07373206492391,0.668808497418421,0,Sheila
222,6.972610841025391,0.8349738327480623,0,1521.234846032404,58.32481973635262,0.0831917247546172,135.42737444098725,14.036583307285495,1.5990335331137095,0,Shelia
223,0.7607640985953203,0.4313363567211882,0,2089.1042910290284,109.09323282593246,0,238.9417129680064,14.074330057262642,0.5381243205653126,0,Sherline
224,2.7083632329270557,0.016596256858052882,0.250560562605043,1419.5892159819193,15.511226857406214,0.004819161664683008,230.92866791904638,11.482007092455255,1.3926769323523833,0.20563343391065897,Sherye
225,0,1.1923105962391796,0.8295399425540154,1248.1412195336188,12.890606879637097,0,131.15978523363054,15.61287019386645,1.1884248194048237,0.17822600026847432,Shirleen
226,1.6021566613101061,0.45850937195863944,0.5465021319650699,1571.5586757996448,79.87081953279238,0.09247953619971412,138.1211986315859,4.885400734233388,3.7336645474987473,0.04597521565063173,Shoshanna
227,3.1476397995031222,0.16143545620075367,0,1152.4384793265951,131.60819508509664,0.10887699724585576,123.12097525758124,17.360827502304083,0.20751571751948839,0.2194280049554419,Sindee
228,0,0.9475934210725738,0.2777612909573611,906.5876201489194,69.36898444012375,0.0717036922049735,185.96045442392446,18.593756952808178,0.761806414803124,0.2250718158617837,Sophronia
229,3.5506589943794933,0.8224637459319792,0.08587695416569882,2410.3280501862123,32.770631019864446,0.011332388125018258,190.00866190413575,18.544527121140014,2.3027879691529254,0,Sorcha
230,0,0.021722408245282432,0,947.8618473419954,29.620812451167723,0.009771068954247137,195.2098922376514,3.1350506645335834,3.1854076824070168,0.17647418061955744,Stacia
231,0,0.4960592447565306,0.7141485914200907,1355.7822994212622,108.04885458507368,0,266.9788182796935,13.137098968073708,0.37454660055700506,0.21513104620147677,Suki
232,9.587553649743892,0,0.07712254374753222,1452.9942997733745,41.74479555244596,0,92.13619218393802,17.288680368301527,1.50176531468853,0,Tamar
233,9.855922916511961,0.9507758918522558,0,2049.0291999827505,86.72471872603532,0,257.84606658705945,21.672350598554985,0.10587367413509119,0,Teena
234,0.7362333892314661,0,0,1226.2212577274047,76.46007236755825,0.004605588805295196,196.94084660669716,20.438631807228752,1.4851225989295025,0.2524403938301297,Thalia
235,3.503179949706105,0,0,863.7359515899602,88.5928715611385,0.0016152487916861842,234.44669718796303,11.600901407218572,3.0419152256624375,0,Theressa
236,2.375597945213946,0.9501300674544937,0.4180582598063991,987.3516082892388,65.8749789144169,0,157.62358886808042,6.000227529377824,0.9181203225675805,0.23292979929330865,Thia
237,4.965379747414543,0,0.3819412724593356,2848.1965055959968,100.81450613279334,0.08733748986585875,114.34021996091901,4.163449583011205,5.034558500205389,0,Tobe
238,1.7224373294467692,0.6096071814939295,0.020845995935063977,717.1515080473558,7.920472306667939,0.027830683178730338,192.0547233758094,18.893670969372177,3.225386440420527,0.14774894451546108,Tobi
239,10.318664170040732,1.162347598714584,0.2593162498058764,1947.864326505689,0,0,247.6618515575305,8.885479513494635,1.5383875631564923,0.4671471844883844,Tyne
240,4.629620525891119,0.4701717643482989,0.19945453108372013,2495.027836549788,119.04572629736595,0,112.64212877172713,9.16629211390553,2.8204516072303094,0,Ursula
241,6.705637029844788,1.1758618085078063,0,572.8905986392292,99.21841869530294,0,206.09792338741173,0,4.539159176787667,0.1511105148461562,Valentine
242,12.646090825778263,0,0,821.1291924209263,63.079658529780176,0,253.65168804309872,10.0835454099234,3.124189660048525,0,Vera
243,4.304451021322837,0.15117467627417341,0.26709333492741466,1466.2069422135905,99.5791232652569,0,174.8522690601756,11.4567064079972,3.4825098253868183,0.4163012050740743,Vina
244,6.768693690951549,0,0,2250.596506582202,80.06424580275466,0,205.75799472719473,14.222081156961007,0,0,Vitia
245,7.92761477997607,0,0.4927064175674394,2674.2123049325082,17.822536128267146,0.06800879079744135,120.0176147455313,12.787961940020628,0.44401814678955875,0.07416870756731489,Vivian
246,0.783093186065595,0.08053604367817141,0,1729.2695766234392,102.9314183631046,0.0033594924264610153,240.4331241583979,2.863873240916293,1.8101457879928717,0,Willow
247,3.246185475107256,0.8204374653381934,0,1808.8783243667042,124.2336561860391,0,140.56400713315054,11.756764166452077,0,0,Winny
248,4.573031077763909,0,0.1399326700077638,1593.0772081928253,28.511023272278663,0,149.5200116708738,11.882835764961929,0.3277130852644954,0,Ysabel
249,8.495688263931932,0,0.39017948837922034,1347.803896772185,73.95432979535926,0.011863137895223709,213.95724970515678,16.79845007684143,2.0035611392545274,0.010328698613025517,Zabrina
250,6.662552720355534,0.4987117480691892,0.20000642942117175,2491.0579799188936,136.4926499604638,0.07441283574569081,132.6822137152714,8.890708928509437,1.9381931787054891,0.18912631335812113,Zarah
251,5.984564426276679,0,0.32616097896274554,1432.1720508385788,61.19567176532136,0.034846021627631674,181.68573090064854,15.876390625543426,1.0768507377539245,0,Zena
252,2.805861855097265,0.11690797264023978,0.02610915812471526,1204.2842380911702,18.403762392235073,0.09448989614735605,124.0971498039508,11.058832895751516,1.3328916414628278,0.08904221771354322,Zenia
253,2.6479840677495337,1.0255047405417346,0,2492.3512033521924,138.41748524599862,0.01239220990808844,236.39416665013107,11.447034717437974,1.758185522066979,0.26261916514327993,Zitella
